ФормаСписка;ФормаОбъекта;ОбъектМетаданных;Запись;Копирование;ВводНаОсновании;Печать;ПредставлениеОбъектаМетаданных;Приоритет
Да;Да;Справочники;Нет;Нет;Нет;Нет;Справочники;1
Да;Да;Документы;Нет;Нет;Нет;Нет;Документы;2
Нет;Нет;ЖурналыДокументов;Нет;Нет;Нет;Нет;Журналы документов;3
Нет;Нет;Отчеты;Нет;Нет;Нет;Нет;Отчеты;4
Нет;Нет;Обработки;Нет;Нет;Нет;Нет;Обработки;5
Нет;Нет;ПланыСчетов;Нет;Нет;Нет;Нет;Планы счетов;6
Нет;Нет;ПланыВидовХарактеристик;Нет;Нет;Нет;Нет;Планы видов характеристик;6
Нет;Нет;ПланыВидовРасчета;Нет;Нет;Нет;Нет;Планы видов Расчета;7
Нет;Нет;РегистрыСведений;Нет;Нет;Нет;Нет;Регистры сведений;8
Нет;Нет;РегистрыНакопления;Нет;Нет;Нет;Нет;Регистры накопления;9
Нет;Нет;РегистрыБухгалтерии;Нет;Нет;Нет;Нет;Регистры бухгалтерии;10
Нет;Нет;РегистрыРасчета;Нет;Нет;Нет;Нет;Регистры расчета;11
